,Compound,Negative,Neutral,Positive,Tweet_Count,User,color
0,-0.013200999999999996,0.8802500000000001,0.06361,0.056150000000000005,100,@BBC,skyblue
1,-0.09901500000000002,0.87111,0.08471999999999999,0.04419000000000001,100,@CNN,red
2,0.050020999999999996,0.8765700000000001,0.05753,0.0659,100,@CBSNews,green
3,-0.024291999999999998,0.8736700000000001,0.0745,0.05182000000000001,100,@FoxNews,blue
4,0.012182,0.86342,0.06749,0.06909,100,@nytimes,yellow
