,Compound,Negative,Neutral,Positive,Tweet_Count,User,color
0,-0.006149382716049381,0.8337530864197532,0.08716049382716048,0.07909876543209876,81,@BBC,skyblue
1,0.18816170212765954,0.8459680851063831,0.05030851063829787,0.10374468085106382,94,@CNN,red
2,0.04796562499999999,0.8583437500000001,0.06646875000000001,0.07514583333333334,96,@CBSNews,green
3,-0.1034295918367347,0.8217755102040816,0.1154081632653061,0.06277551020408163,98,@FoxNews,blue
4,0.04879673913043479,0.9052173913043479,0.030554347826086955,0.06420652173913044,92,@nytimes,yellow
